{
  "bencode/decode_offer": 281.7000732042782,
  "bencode/encode_offer": 236.5229466907462,
  "diameter/decode_mar": 773.2930531306699,
  "diameter/encode_mar": 283.2435831426392,
  "digest/response_aka_md5": 1307.2974174209594,
  "digest/response_md5": 1310.1467243620036,
  "digest/response_sha256": 2466.452127039627,
  "headers/add_via": 682.5025057794635,
  "headers/get_via": 22.006322519258113,
  "headers/has_route": 15.380218963313904,
  "headers/set_max_forwards": 681.3326717836258,
  "milenage/compute_opc": 37.33330358447631,
  "milenage/generate_vector": 283.6160141105775,
  "parse/invite_no_sdp": 1276.9388747705175,
  "parse/invite_sdp": 1316.8052850490196,
  "parse/register": 1381.2576957034153,
  "parse/response_200": 1002.8801247298292,
  "roundtrip/invite_sdp": 1824.6729794852508,
  "sdp/filter_codecs": 630.4133152912401,
  "sdp/parse": 365.8148781278758,
  "sdp/roundtrip_filter": 924.2715118731826,
  "sdp/serialize": 364.60400584353977,
  "serialize/invite_sdp_to_bytes": 296.82883618660003,
  "siphon_rtp_proto/decode_offer_response": 411.86963358691185,
  "siphon_rtp_proto/encode_offer_request": 256.8293419573248,
  "txn_key/invite": 164.73253313799242,
  "txn_key/response": 242.85536860656015
}
