{
  "bencode/decode_offer": 283.7716158461693,
  "bencode/encode_offer": 213.46829489544896,
  "diameter/decode_mar": 771.6495293766137,
  "diameter/encode_mar": 255.55698638247486,
  "digest/response_aka_md5": 1396.0731649325949,
  "digest/response_md5": 1368.7354910425397,
  "digest/response_sha256": 2449.6893500436818,
  "headers/add_via": 705.2409614073724,
  "headers/get_via": 22.055740680697397,
  "headers/has_route": 10.579941267592478,
  "headers/set_max_forwards": 686.0257557421274,
  "milenage/compute_opc": 44.51710468027366,
  "milenage/generate_vector": 309.4035735171261,
  "parse/invite_no_sdp": 1215.1150218541522,
  "parse/invite_sdp": 1248.6699515405758,
  "parse/register": 1308.6434769175987,
  "parse/response_200": 963.9686436024163,
  "roundtrip/invite_sdp": 1734.783236122285,
  "sdp/filter_codecs": 293.7551721078342,
  "sdp/parse": 371.1987917841321,
  "sdp/roundtrip_filter": 979.1113543721235,
  "sdp/serialize": 349.29695989887705,
  "serialize/invite_sdp_to_bytes": 303.67602697137625,
  "txn_key/invite": 159.18899231840874,
  "txn_key/response": 226.3983746031746
}
