{
  "bencode/decode_offer": 281.1195502568729,
  "bencode/encode_offer": 220.09050167999246,
  "diameter/decode_mar": 777.5045032018178,
  "diameter/encode_mar": 267.53075893708245,
  "digest/response_aka_md5": 1395.295512523191,
  "digest/response_md5": 1373.9651013647854,
  "digest/response_sha256": 2491.8906151250194,
  "headers/add_via": 865.143363459153,
  "headers/get_via": 22.361087073451458,
  "headers/has_route": 15.21907727359413,
  "headers/set_max_forwards": 849.3378432531192,
  "milenage/compute_opc": 50.93649826581769,
  "milenage/generate_vector": 306.0504352897593,
  "parse/invite_no_sdp": 1728.383325523274,
  "parse/invite_sdp": 1778.9368476621416,
  "parse/register": 1841.6433331916824,
  "parse/response_200": 1223.6996640513826,
  "roundtrip/invite_sdp": 2526.6973476702506,
  "sdp/filter_codecs": 305.0143716625133,
  "sdp/parse": 410.77912533068786,
  "sdp/roundtrip_filter": 1073.656302257525,
  "sdp/serialize": 387.8643352386455,
  "serialize/invite_sdp_to_bytes": 595.9450750257599,
  "txn_key/invite": 155.4518244949495,
  "txn_key/response": 224.50077057793345
}
