{
  "bencode/decode_offer": 275.0126676489241,
  "bencode/encode_offer": 220.12985286935287,
  "diameter/decode_mar": 736.601514314646,
  "diameter/encode_mar": 278.08452106597656,
  "digest/response_aka_md5": 1369.5677035641843,
  "digest/response_md5": 1394.7943722943724,
  "digest/response_sha256": 2409.4408232079913,
  "headers/add_via": 660.310874885286,
  "headers/get_via": 21.58934038419583,
  "headers/has_route": 10.34206990988386,
  "headers/set_max_forwards": 661.5230870197379,
  "milenage/compute_opc": 36.874423731489074,
  "milenage/generate_vector": 265.4722830376869,
  "parse/invite_no_sdp": 1221.9710672064098,
  "parse/invite_sdp": 1265.420706590621,
  "parse/register": 1289.3586543875265,
  "parse/response_200": 972.7339325881106,
  "roundtrip/invite_sdp": 1727.692269848048,
  "sdp/filter_codecs": 633.4829243800795,
  "sdp/parse": 348.10947398190046,
  "sdp/roundtrip_filter": 940.287529321572,
  "sdp/serialize": 350.7146650039124,
  "serialize/invite_sdp_to_bytes": 286.4309475815795,
  "siphon_rtp_proto/decode_offer_response": 384.8317321768409,
  "siphon_rtp_proto/encode_offer_request": 246.05913496451592,
  "txn_key/invite": 171.2320026609782,
  "txn_key/response": 234.0833688667729
}
